Name; EnsembleAUC; LeftAUC; RightAUC; CentralAUC; VertiBayesAUC; EnsembleTime; MinTime; MaxTime; VertiBayesTime
smallIris automatic; 0.9428332333333332; 0.8657999333333334; 0.8914999333333333; 0.8974664666666666; 0.8612414915728042; 26253; 21937; 30569; 36007
smallIris manual; 0.9407998666666667; 0.8769998; 0.9030666666666667; 0.0; 0.9580114898723109; 24407; 0; 0; 62668
smallIris automatic unknown 0.05; 0.8921912999999999; 0.8754280333333333; 0.6648421; 0.8812211999999999; 0.9578993839807508; 29546; 29441; 29652; 31806
smallIris manual unknown 0.05; 0.8895413999999999; 0.6498803999999999; 0.8848776; 0.0; 0.9667522487246774; 19504; 0; 0; 46808
smallIris automatic unknown 0.1; 0.7742383333333334; 0.6644629666666666; 0.6745953; 0.7078030000000001; 0.7759905815899122; 29730; 29182; 30278; 32240
smallIris manual unknown 0.1; 0.7785435333333334; 0.6227724666666667; 0.7187718666666667; 0.0; 0.8314520561758547; 19046; 0; 0; 45229
smallIris automatic unknown 0.3; 0.6294448666666665; 0.5159972333333334; 0.6491939; 0.6086714000000001; 0.6797813123031202; 25419; 25110; 25728; 16854
smallIris manual unknown 0.3; 0.6304049333333333; 0.47795373333333335; 0.616961; 0.0; 0.8129446367760257; 19791; 0; 0; 37697