Name; EnsembleAUC; LeftAUC; RightAUC; CentralAUC; VertiBayesAUC; EnsembleTime; MinTime; MaxTime; VertiBayesTime
Diabetes automatic horizontal; 0.780854078125; 0.77851255859375; 0.7802123372395835; 0.7807798307291667; 0.7817560333218353; 22636; 21255; 28231; 135053
Iris automatic horizontal; 0.9571031666666668; 0.8995498799999998; 0.9003899133333333; 0.9251664666666667; 0.7816955931466765; 17132; 16961; 17908; 447825
Autism automatic horizontal; 0.8678902457386364; 0.833912762784091; 0.8334673920454545; 0.8474906107954545; 0.8340506688442793; 99912; 99098; 102546; 2569080
Mushroom automatic horizontal; 0.9878447858197932; 0.9884966962087641; 0.9885955206794682; 0.9873794534711965; 0.987189475722516; 1391593; 1391593; 1391593; 4221649
